{application-version:v3.3.50;database-version:3.47;date-created:2022-04-10T16:25:45.402Z;}
Patient/Donor_ID,A*,A*,B*,B*,C*,C*,DRB1*,DRB1*,DRB3*,DRB3*,DRB4*,DRB4*,DRB5*,DRB5*,DQA1*,DQA1*,DQB1*,DQB1*,DPA1*,DPA1*,DPB1*,DPB1*,MICA*,MICA*,MICB*,MICB*,PIRCHE_I,PIRCHE_II,PIRCHE_I_SD,PIRCHE_II_SD,A1_Presents_Epitopes,A2_Presents_Epitopes,B1_Presents_Epitopes,B2_Presents_Epitopes,C1_Presents_Epitopes,C2_Presents_Epitopes,DRB1_1_Presents_Epitopes,DRB1_2_Presents_Epitopes,DRB3_1_Presents_Epitopes,DRB3_2_Presents_Epitopes,DRB4_1_Presents_Epitopes,DRB4_2_Presents_Epitopes,DRB5_1_Presents_Epitopes,DRB5_2_Presents_Epitopes,DQA1_1_DQB1_1_Presents_Epitopes,DQA1_1_DQB1_2_Presents_Epitopes,DQA1_2_DQB1_1_Presents_Epitopes,DQA1_2_DQB1_2_Presents_Epitopes,DPA1_1_DPB1_1_Presents_Epitopes,DPA1_1_DPB1_2_Presents_Epitopes,DPA1_2_DPB1_1_Presents_Epitopes,DPA1_2_DPB1_2_Presents_Epitopes,MICA_1_Presents_Epitopes,MICA_2_Presents_Epitopes,MICB_1_Presents_Epitopes,MICB_2_Presents_Epitopes,A_1_Originated_Epitopes,A_2_Originated_Epitopes,B_1_Originated_Epitopes,B_2_Originated_Epitopes,C_1_Originated_Epitopes,C_2_Originated_Epitopes,DRB1_1_Originated_Epitopes,DRB1_2_Originated_Epitopes,DRB3_1_Originated_Epitopes,DRB3_2_Originated_Epitopes,DRB4_1_Originated_Epitopes,DRB4_2_Originated_Epitopes,DRB5_1_Originated_Epitopes,DRB5_2_Originated_Epitopes,DQA1_1_Originated_Epitopes,DQA1_2_Originated_Epitopes,DQB1_1_Originated_Epitopes,DQB1_2_Originated_Epitopes,DPA1_1_Originated_Epitopes,DPA1_2_Originated_Epitopes,DPB1_1_Originated_Epitopes,DPB1_2_Originated_Epitopes,MICA_1_Originated_Epitopes,MICA_2_Originated_Epitopes,MICB_1_Originated_Epitopes,MICB_2_Originated_Epitopes,A_1_Originated_Epitopes_count,A_2_Originated_Epitopes_count,B_1_Originated_Epitopes_count,B_2_Originated_Epitopes_count,C_1_Originated_Epitopes_count,C_2_Originated_Epitopes_count,DRB1_1_Originated_Epitopes_count,DRB1_2_Originated_Epitopes_count,DRB3_1_Originated_Epitopes_count,DRB3_2_Originated_Epitopes_count,DRB4_1_Originated_Epitopes_count,DRB4_2_Originated_Epitopes_count,DRB5_1_Originated_Epitopes_count,DRB5_2_Originated_Epitopes_count,DQA1_1_Originated_Epitopes_count,DQA1_2_Originated_Epitopes_count,DQB1_1_Originated_Epitopes_count,DQB1_2_Originated_Epitopes_count,DPA1_1_Originated_Epitopes_count,DPA1_2_Originated_Epitopes_count,DPB1_1_Originated_Epitopes_count,DPB1_2_Originated_Epitopes_count,MICA_1_Originated_Epitopes_count,MICA_2_Originated_Epitopes_count,MICB_1_Originated_Epitopes_count,MICB_2_Originated_Epitopes_count,A_Originated_Epitopes_count,B_Originated_Epitopes_count,C_Originated_Epitopes_count,DRB1_Originated_Epitopes_count,DRB3_Originated_Epitopes_count,DRB4_Originated_Epitopes_count,DRB5_Originated_Epitopes_count,DQA1_Originated_Epitopes_count,DQB1_Originated_Epitopes_count,DPA1_Originated_Epitopes_count,DPB1_Originated_Epitopes_count,MICA_Originated_Epitopes_count,MICB_Originated_Epitopes_count,weight,A_Presents_A_Epitopes,B_Presents_A_Epitopes,C_Presents_A_Epitopes,DRB1_Presents_A_Epitopes,DRB3_Presents_A_Epitopes,DRB4_Presents_A_Epitopes,DRB5_Presents_A_Epitopes,DQA1_DQB1_Presents_A_Epitopes,DPA1_DPB1_Presents_A_Epitopes,MICA_Presents_A_Epitopes,MICB_Presents_A_Epitopes,A_Presents_B_Epitopes,B_Presents_B_Epitopes,C_Presents_B_Epitopes,DRB1_Presents_B_Epitopes,DRB3_Presents_B_Epitopes,DRB4_Presents_B_Epitopes,DRB5_Presents_B_Epitopes,DQA1_DQB1_Presents_B_Epitopes,DPA1_DPB1_Presents_B_Epitopes,MICA_Presents_B_Epitopes,MICB_Presents_B_Epitopes,A_Presents_C_Epitopes,B_Presents_C_Epitopes,C_Presents_C_Epitopes,DRB1_Presents_C_Epitopes,DRB3_Presents_C_Epitopes,DRB4_Presents_C_Epitopes,DRB5_Presents_C_Epitopes,DQA1_DQB1_Presents_C_Epitopes,DPA1_DPB1_Presents_C_Epitopes,MICA_Presents_C_Epitopes,MICB_Presents_C_Epitopes,A_Presents_DRB1_Epitopes,B_Presents_DRB1_Epitopes,C_Presents_DRB1_Epitopes,DRB1_Presents_DRB1_Epitopes,DRB3_Presents_DRB1_Epitopes,DRB4_Presents_DRB1_Epitopes,DRB5_Presents_DRB1_Epitopes,DQA1_DQB1_Presents_DRB1_Epitopes,DPA1_DPB1_Presents_DRB1_Epitopes,MICA_Presents_DRB1_Epitopes,MICB_Presents_DRB1_Epitopes,A_Presents_DRB3_Epitopes,B_Presents_DRB3_Epitopes,C_Presents_DRB3_Epitopes,DRB1_Presents_DRB3_Epitopes,DRB3_Presents_DRB3_Epitopes,DRB4_Presents_DRB3_Epitopes,DRB5_Presents_DRB3_Epitopes,DQA1_DQB1_Presents_DRB3_Epitopes,DPA1_DPB1_Presents_DRB3_Epitopes,MICA_Presents_DRB3_Epitopes,MICB_Presents_DRB3_Epitopes,A_Presents_DRB4_Epitopes,B_Presents_DRB4_Epitopes,C_Presents_DRB4_Epitopes,DRB1_Presents_DRB4_Epitopes,DRB3_Presents_DRB4_Epitopes,DRB4_Presents_DRB4_Epitopes,DRB5_Presents_DRB4_Epitopes,DQA1_DQB1_Presents_DRB4_Epitopes,DPA1_DPB1_Presents_DRB4_Epitopes,MICA_Presents_DRB4_Epitopes,MICB_Presents_DRB4_Epitopes,A_Presents_DRB5_Epitopes,B_Presents_DRB5_Epitopes,C_Presents_DRB5_Epitopes,DRB1_Presents_DRB5_Epitopes,DRB3_Presents_DRB5_Epitopes,DRB4_Presents_DRB5_Epitopes,DRB5_Presents_DRB5_Epitopes,DQA1_DQB1_Presents_DRB5_Epitopes,DPA1_DPB1_Presents_DRB5_Epitopes,MICA_Presents_DRB5_Epitopes,MICB_Presents_DRB5_Epitopes,A_Presents_DQA1_Epitopes,B_Presents_DQA1_Epitopes,C_Presents_DQA1_Epitopes,DRB1_Presents_DQA1_Epitopes,DRB3_Presents_DQA1_Epitopes,DRB4_Presents_DQA1_Epitopes,DRB5_Presents_DQA1_Epitopes,DQA1_DQB1_Presents_DQA1_Epitopes,DPA1_DPB1_Presents_DQA1_Epitopes,MICA_Presents_DQA1_Epitopes,MICB_Presents_DQA1_Epitopes,A_Presents_DQB1_Epitopes,B_Presents_DQB1_Epitopes,C_Presents_DQB1_Epitopes,DRB1_Presents_DQB1_Epitopes,DRB3_Presents_DQB1_Epitopes,DRB4_Presents_DQB1_Epitopes,DRB5_Presents_DQB1_Epitopes,DQA1_DQB1_Presents_DQB1_Epitopes,DPA1_DPB1_Presents_DQB1_Epitopes,MICA_Presents_DQB1_Epitopes,MICB_Presents_DQB1_Epitopes,A_Presents_DPA1_Epitopes,B_Presents_DPA1_Epitopes,C_Presents_DPA1_Epitopes,DRB1_Presents_DPA1_Epitopes,DRB3_Presents_DPA1_Epitopes,DRB4_Presents_DPA1_Epitopes,DRB5_Presents_DPA1_Epitopes,DQA1_DQB1_Presents_DPA1_Epitopes,DPA1_DPB1_Presents_DPA1_Epitopes,MICA_Presents_DPA1_Epitopes,MICB_Presents_DPA1_Epitopes,A_Presents_DPB1_Epitopes,B_Presents_DPB1_Epitopes,C_Presents_DPB1_Epitopes,DRB1_Presents_DPB1_Epitopes,DRB3_Presents_DPB1_Epitopes,DRB4_Presents_DPB1_Epitopes,DRB5_Presents_DPB1_Epitopes,DQA1_DQB1_Presents_DPB1_Epitopes,DPA1_DPB1_Presents_DPB1_Epitopes,MICA_Presents_DPB1_Epitopes,MICB_Presents_DPB1_Epitopes,A_Presents_MICA_Epitopes,B_Presents_MICA_Epitopes,C_Presents_MICA_Epitopes,DRB1_Presents_MICA_Epitopes,DRB3_Presents_MICA_Epitopes,DRB4_Presents_MICA_Epitopes,DRB5_Presents_MICA_Epitopes,DQA1_DQB1_Presents_MICA_Epitopes,DPA1_DPB1_Presents_MICA_Epitopes,MICA_Presents_MICA_Epitopes,MICB_Presents_MICA_Epitopes,A_Presents_MICB_Epitopes,B_Presents_MICB_Epitopes,C_Presents_MICB_Epitopes,DRB1_Presents_MICB_Epitopes,DRB3_Presents_MICB_Epitopes,DRB4_Presents_MICB_Epitopes,DRB5_Presents_MICB_Epitopes,DQA1_DQB1_Presents_MICB_Epitopes,DPA1_DPB1_Presents_MICB_Epitopes,MICA_Presents_MICB_Epitopes,MICB_Presents_MICB_Epitopes,PIRCHE_I_promiscuity_corrected,PIRCHE_II_promiscuity_corrected,PIRCHE_I_SD_promiscuity_corrected,PIRCHE_II_SD_promiscuity_corrected
,
PatientO,A*02:01,A*01:01,B*07:02,B*08:01,C*07:01,C*07:02,DRB1*15:01,DRB1*03:01,,,,,,,,,DQB1*06:02,DQB1*02:01,,,,,,,,,,,,,,,,,,,,,,,,,,,,,,,,,,,,,,,,,,,,,,,,,,,,,,,,,,,,,,,,,,,,,,,,,,,,,,,,,,,,,,,,,,,,,,,,,,,,,,,,1.0000,,,,,,,,,,,,,,,,,,,,,,,,,,,,,,,,,,,,,,,,,,,,,,,,,,,,,,,,,,,,,,,,,,,,,,,,,,,,,,,,,,,,,,,,,,,,,,,,,,,,,,,,,,,,,,,,,,,,,,,,,,,,,,,,,,,,,,,,,,,,,,,,,,,
D1,A*02:01,A*01:01,B*44:03,B*08:01,C*01:02,C*07:02,DRB1*15:01,DRB1*03:01,,,,,,,,,DQB1*06:02,DQB1*02:01,,,,,,,,,0.00,30.00,0.00,0.00,,,,,,,YRENLRTAL TQTYRENLRTALRYY (453.25) [1.0000] | VVAVVMCRR LGAVVAVVMCRRKSS (142.55) [1.0000] | MRYFYTAMS HSMRYFYTAMSRPGR (30.1) [1.0000] | AVVMCRRKS VAVVMCRRKSSGGKG (838.44) [1.0000] | KYFFTSVSR HSMKYFFTSVSRPGR (54.35) [1.0000] | LCVESLRRY LEGLCVESLRRYLEN (320.85) [1.0000] | LRAYLEGLC VAEQLRAYLEGLCVE (530.09) [1.0000] | FVRFDSDAT DTLFVRFDSDATSPR (718.08) [1.0000] | LRGYDQYAY GRLLRGYDQYAYDGK (638.5) [1.0000] | FQKWAAVMV DGTFQKWAAVMVPSG (392.26) [1.0000] | LLRGYDQYA DGRLLRGYDQYAYDG (693.82) [1.0000] | LRYYNQSEA RTALRYYNQSEAGSH (878.41) [1.0000] | RYFYTAMSR RYFYTAMSRPGRGEP (103.05) [1.0000] | MKYFFTSVS SHSMKYFFTSVSRPG (66.48) [1.0000] | YFYTAMSRP YFYTAMSRPGRGEPR (321.39) [1.0000] | LRTALRYYN YRENLRTALRYYNQS (181.86) [1.0000] | IQRMYGCDV AGSHIIQRMYGCDVG (482.21) [1.0000] | CVESLRRYL GLCVESLRRYLENGK (404.38) [1.0000] | LEGLCVESL LRAYLEGLCVESLRR (741.49) [1.0000],YRENLRTAL QTYRENLRTALRYYN (254.2) [1.0000] | RYFYTAMSR HSMRYFYTAMSRPGR (822.42) [1.0000] | VVAVVMCRR LGAVVAVVMCRRKSS (232.15) [1.0000] | FDSDATSPR LFVRFDSDATSPRKE (242.53) [1.0000] | YVDDTLFVR ITVGYVDDTLFVRFD (286.74) [1.0000] | VRFDSDATS TLFVRFDSDATSPRK (209.86) [1.0000] | YTAMSRPGR SMRYFYTAMSRPGRG (870.1) [1.0000] | IALNEDLSS KDYIALNEDLSSWTA (573.26) [1.0000] | LRTALRYYN YRENLRTALRYYNQS (239.51) [1.0000] | AQTDRVSLR KRQAQTDRVSLRNLR (313.23) [1.0000] | LCVESLRRY LEGLCVESLRRYLEN (106.12) [1.0000],,,,,,,,,,,,,,,,,,,,,YRENLRTAL QTYRENLRTALRYYN (254.2) [1.0000] | RYFYTAMSR HSMRYFYTAMSRPGR (822.42) [1.0000] | FDSDATSPR LFVRFDSDATSPRKE (242.53) [1.0000] | YVDDTLFVR ITVGYVDDTLFVRFD (286.74) [1.0000] | VRFDSDATS TLFVRFDSDATSPRK (209.86) [1.0000] | YTAMSRPGR SMRYFYTAMSRPGRG (870.1) [1.0000] | IALNEDLSS KDYIALNEDLSSWTA (573.26) [1.0000] | LRTALRYYN YRENLRTALRYYNQS (239.51) [1.0000] | LCVESLRRY LEGLCVESLRRYLEN (106.12) [1.0000] | YRENLRTAL TQTYRENLRTALRYY (453.25) [1.0000] | LRYYNQSEA RTALRYYNQSEAGSH (878.41) [1.0000] | RYFYTAMSR RYFYTAMSRPGRGEP (103.05) [1.0000] | MRYFYTAMS HSMRYFYTAMSRPGR (30.1) [1.0000] | YFYTAMSRP YFYTAMSRPGRGEPR (321.39) [1.0000] | LRTALRYYN YRENLRTALRYYNQS (181.86) [1.0000] | IQRMYGCDV AGSHIIQRMYGCDVG (482.21) [1.0000] | CVESLRRYL GLCVESLRRYLENGK (404.38) [1.0000] | LCVESLRRY LEGLCVESLRRYLEN (320.85) [1.0000] | LRAYLEGLC VAEQLRAYLEGLCVE (530.09) [1.0000] | LEGLCVESL LRAYLEGLCVESLRR (741.49) [1.0000] | FVRFDSDAT DTLFVRFDSDATSPR (718.08) [1.0000],,VVAVVMCRR LGAVVAVVMCRRKSS (232.15) [1.0000] | AQTDRVSLR KRQAQTDRVSLRNLR (313.23) [1.0000] | LRGYDQYAY GRLLRGYDQYAYDGK (638.5) [1.0000] | FQKWAAVMV DGTFQKWAAVMVPSG (392.26) [1.0000] | AVVMCRRKS VAVVMCRRKSSGGKG (838.44) [1.0000] | LLRGYDQYA DGRLLRGYDQYAYDG (693.82) [1.0000] | KYFFTSVSR HSMKYFFTSVSRPGR (54.35) [1.0000] | VVAVVMCRR LGAVVAVVMCRRKSS (142.55) [1.0000] | MKYFFTSVS SHSMKYFFTSVSRPG (66.48) [1.0000],,,,,,,,,,,,,,,,,,,,,,0.0000,0.0000,21.0000,0.0000,9.0000,0.0000,0.0000,0.0000,0.0000,0.0000,0.0000,0.0000,0.0000,0.0000,0.0000,0.0000,0.0000,0.0000,0.0000,0.0000,0.0000,0.0000,0.0000,0.0000,0.0000,0.0000,0.0000,21.0000,9.0000,0.0000,0.0000,0.0000,0.0000,0.0000,0.0000,0.0000,0.0000,0.0000,0.0000,1.0000,,,,,,,,,,,,,,,CVESLRRYL LCVESLRRYLENGKE (570.04) [1.0000] {d} | YRENLRTAL TNTQTYRENLRTALR (862.48) [1.0000] {d} | LRTALRYYN YRENLRTALRYYNQS (181.86) [2.0000] | YRENLRTAL QTYRENLRTALRYYN (254.2) [1.0000] | IQRMYGCDV GSHIIQRMYGCDVGP (529.94) [1.0000] {d} | LRAYLEGLC VAEQLRAYLEGLCVE (530.09) [1.0000] | VRFDSDATS DTLFVRFDSDATSPR (286.2) [1.0000] {d} | LRAYLEGLC AEQLRAYLEGLCVES (643.71) [1.0000] {d} | RYFYTAMSR HSMRYFYTAMSRPGR (822.42) [1.0000] | IQRMYGCDV EAGSHIIQRMYGCDV (520.6) [1.0000] {d} | FVRFDSDAT TLFVRFDSDATSPRK (766.21) [1.0000] {d} | LCVESLRRY GLCVESLRRYLENGK (193.91) [1.0000] {d} | FDSDATSPR LFVRFDSDATSPRKE (242.53) [1.0000] | IALNEDLSS DYIALNEDLSSWTAA (740.0) [1.0000] {d} | LRTALRYYN LRTALRYYNQSEAGS (452.19) [1.0000] {d} | YVDDTLFVR GYVDDTLFVRFDSDA (841.11) [1.0000] {d} | MRYFYTAMS HSMRYFYTAMSRPGR (30.1) [1.0000] | LCVESLRRY AYLEGLCVESLRRYL (144.52) [2.0000] {d} | MRYFYTAMS GSHSMRYFYTAMSRP (36.87) [1.0000] {d} | FVRFDSDAT DTLFVRFDSDATSPR (718.08) [1.0000] | LCVESLRRY RAYLEGLCVESLRRY (354.24) [2.0000] {d} | LCVESLRRY EGLCVESLRRYLENG (144.31) [1.0000] {d} | IQRMYGCDV SHIIQRMYGCDVGPD (636.91) [1.0000] {d} | VRFDSDATS VDDTLFVRFDSDATS (847.09) [1.0000] {d} | FVRFDSDAT DDTLFVRFDSDATSP (974.67) [1.0000] {d} | MRYFYTAMS SHSMRYFYTAMSRPG (31.83) [1.0000] {d} | LRYYNQSEA RTALRYYNQSEAGSH (878.41) [1.0000] | RYFYTAMSR RYFYTAMSRPGRGEP (103.05) [1.0000] | YVDDTLFVR TVGYVDDTLFVRFDS (290.76) [1.0000] {d} | MRYFYTAMS SMRYFYTAMSRPGRG (34.55) [1.0000] {d} | YVDDTLFVR VGYVDDTLFVRFDSD (456.42) [1.0000] {d} | YFYTAMSRP YFYTAMSRPGRGEPR (321.39) [1.0000] | FDSDATSPR VRFDSDATSPRKEPR (798.26) [1.0000] {d} | IALNEDLSS YIALNEDLSSWTAAD (851.62) [1.0000] {d} | IALNEDLSS GKDYIALNEDLSSWT (717.4) [1.0000] {d} | CVESLRRYL GLCVESLRRYLENGK (404.38) [1.0000] | YRENLRTAL TQTYRENLRTALRYY (267.71) [1.0000] {d} | YRENLRTAL TQTYRENLRTALRYY (453.25) [1.0000] | IQRMYGCDV AGSHIIQRMYGCDVG (482.21) [1.0000] | LRAYLEGLC QLRAYLEGLCVESLR (692.97) [1.0000] {d} | YVDDTLFVR ITVGYVDDTLFVRFD (286.74) [1.0000] | LRTALRYYN TYRENLRTALRYYNQ (222.09) [2.0000] {d} | IALNEDLSS KDYIALNEDLSSWTA (573.26) [1.0000] | LRAYLEGLC EQLRAYLEGLCVESL (649.27) [1.0000] {d} | YVDDTLFVR RFITVGYVDDTLFVR (449.74) [1.0000] {d} | VRFDSDATS DDTLFVRFDSDATSP (667.41) [1.0000] {d} | LRTALRYYN RENLRTALRYYNQSE (206.61) [2.0000] {d} | LEGLCVESL LRAYLEGLCVESLRR (741.49) [1.0000] | MRYFYTAMS MRYFYTAMSRPGRGE (47.22) [1.0000] {d} | YRENLRTAL NTQTYRENLRTALRY (464.98) [2.0000] {d} | FDSDATSPR FVRFDSDATSPRKEP (312.63) [1.0000] {d} | YVDDTLFVR FITVGYVDDTLFVRF (293.68) [1.0000] {d} | LCVESLRRY LCVESLRRYLENGKE (396.2) [1.0000] {d} | VRFDSDATS TLFVRFDSDATSPRK (209.86) [1.0000] | YTAMSRPGR SMRYFYTAMSRPGRG (870.1) [1.0000] | LCVESLRRY YLEGLCVESLRRYLE (119.24) [2.0000] {d} | YTAMSRPGR MRYFYTAMSRPGRGE (927.69) [1.0000] {d} | LRTALRYYN QTYRENLRTALRYYN (270.47) [1.0000] {d} | LRTALRYYN ENLRTALRYYNQSEA (273.2) [2.0000] {d} | LCVESLRRY LEGLCVESLRRYLEN (106.12) [2.0000] | CVESLRRYL EGLCVESLRRYLENG (413.13) [1.0000] {d} | LRTALRYYN NLRTALRYYNQSEAG (323.2) [1.0000] {d},,,,,,,,,,,MKYFFTSVS SHSMKYFFTSVSRPG (66.48) [1.0000] | MKYFFTSVS CSHSMKYFFTSVSRP (75.05) [1.0000] {d} | AQTDRVSLR RQAQTDRVSLRNLRG (449.52) [1.0000] {d} | FQKWAAVMV AGDGTFQKWAAVMVP (510.81) [1.0000] {d} | LRGYDQYAY GRLLRGYDQYAYDGK (638.5) [1.0000] | LLRGYDQYA GPDGRLLRGYDQYAY (792.91) [1.0000] {d} | AQTDRVSLR YKRQAQTDRVSLRNL (609.32) [1.0000] {d} | FQKWAAVMV TFQKWAAVMVPSGEE (684.04) [1.0000] {d} | LRGYDQYAY RLLRGYDQYAYDGKD (897.13) [1.0000] {d} | KYFFTSVSR HSMKYFFTSVSRPGR (54.35) [1.0000] | FQKWAAVMV PAGDGTFQKWAAVMV (550.72) [1.0000] {d} | FQKWAAVMV GDGTFQKWAAVMVPS (403.07) [1.0000] {d} | VVAVVMCRR LGAVVAVVMCRRKSS (142.55) [2.0000] | LLRGYDQYA DGRLLRGYDQYAYDG (693.82) [1.0000] | VVAVVMCRR LAVLGAVVAVVMCRR (528.57) [2.0000] {d} | VVAVVMCRR GAVVAVVMCRRKSSG (183.89) [2.0000] {d} | VVAVVMCRR VVAVVMCRRKSSGGK (293.55) [2.0000] {d} | AQTDRVSLR KRQAQTDRVSLRNLR (313.23) [1.0000] | LLRGYDQYA PDGRLLRGYDQYAYD (788.48) [1.0000] {d} | AVVMCRRKS VAVVMCRRKSSGGKG (838.44) [1.0000] | VVAVVMCRR AVVAVVMCRRKSSGG (221.33) [2.0000] {d} | VVAVVMCRR VLGAVVAVVMCRRKS (180.81) [2.0000] {d} | VVAVVMCRR AVLGAVVAVVMCRRK (314.81) [2.0000] {d} | FQKWAAVMV GTFQKWAAVMVPSGE (473.68) [1.0000] {d} | FQKWAAVMV DGTFQKWAAVMVPSG (392.26) [1.0000],,,,,,,,,,,,,,,,,,,,,,,,,,,,,,,,,,,,,,,,,,,,,,,,,,,,,,,,,,,,,,,,,,,,,,,,,,,,,,,,,,,,,,,,,,,,,,,,,,,,,,,,,,,,,,,,,,,,,,0.00,70.02,0.00,0.00
,
Donor O,A*02:01,A*02:01,B*08:01,B*07:02,C*06:02,C*07:01,DRB1*03:01,DRB1*13:01,,,,,,,,,DQB1*06:02,DQB1*02:02,,,,,,,,,0.00,14.00,0.00,0.00,,,,,,,LRKLRGYYN DRVNLRKLRGYYNQS (63.5) [1.0000] | VMAVVMCRR LGAVMAVVMCRRKSS (137.39) [1.0000] | VRFLDRYFH GTERVRFLDRYFHNQ (181.68) [1.0000] | KVRWFRNGQ AQIKVRWFRNGQEET (504.83) [1.0000] | AVVMCRRKS MAVVMCRRKSSGGKG (842.14) [1.0000] | LAVLGAVMA VLAVLAVLGAVMAVV (855.61) [1.0000] | LQWMYGCDL DGSHTLQWMYGCDLG (818.71) [1.0000] | NLRKLRGYY AQADRVNLRKLRGYY (406.64) [1.0000],VRFLDRYFH TERVRFLDRYFHNQE (249.31) [1.0000] | VVMCRRKSS VMAVVMCRRKSSGGK (459.98) [1.0000] | VMAVVMCRR LGAVMAVVMCRRKSS (286.14) [1.0000] | AQADRVNLR KRQAQADRVNLRKLR (169.29) [1.0000] | DRVNLRKLR AQADRVNLRKLRGYY (336.09) [1.0000] | ILEDERAAV QKDILEDERAAVDTY (124.11) [1.0000],,,,,,,,,,,,,,,,,,,,,,,AQADRVNLR KRQAQADRVNLRKLR (169.29) [1.0000] | DRVNLRKLR AQADRVNLRKLRGYY (336.09) [1.0000] | VVMCRRKSS VMAVVMCRRKSSGGK (459.98) [1.0000] | VMAVVMCRR LGAVMAVVMCRRKSS (286.14) [1.0000] | LQWMYGCDL DGSHTLQWMYGCDLG (818.71) [1.0000] | LRKLRGYYN DRVNLRKLRGYYNQS (63.5) [1.0000] | VMAVVMCRR LGAVMAVVMCRRKSS (137.39) [1.0000] | AVVMCRRKS MAVVMCRRKSSGGKG (842.14) [1.0000] | NLRKLRGYY AQADRVNLRKLRGYY (406.64) [1.0000] | LAVLGAVMA VLAVLAVLGAVMAVV (855.61) [1.0000],,,VRFLDRYFH TERVRFLDRYFHNQE (249.31) [1.0000] | ILEDERAAV QKDILEDERAAVDTY (124.11) [1.0000] | VRFLDRYFH GTERVRFLDRYFHNQ (181.68) [1.0000],,,,,,,,,,KVRWFRNGQ AQIKVRWFRNGQEET (504.83) [1.0000],,,,,,,,,0.0000,0.0000,0.0000,0.0000,10.0000,0.0000,0.0000,3.0000,0.0000,0.0000,0.0000,0.0000,0.0000,0.0000,0.0000,0.0000,0.0000,1.0000,0.0000,0.0000,0.0000,0.0000,0.0000,0.0000,0.0000,0.0000,0.0000,0.0000,10.0000,3.0000,0.0000,0.0000,0.0000,0.0000,1.0000,0.0000,0.0000,0.0000,0.0000,1.0000,,,,,,,,,,,,,,,,,,,,,,,,,,AQADRVNLR RQAQADRVNLRKLRG (254.73) [1.0000] {d} | AQADRVNLR QKYKRQAQADRVNLR (774.8) [1.0000] {d} | LQWMYGCDL DGSHTLQWMYGCDLG (818.71) [1.0000] | LQWMYGCDL EDGSHTLQWMYGCDL (899.7) [1.0000] {d} | LRKLRGYYN QADRVNLRKLRGYYN (101.18) [1.0000] {d} | LQWMYGCDL SHTLQWMYGCDLGPD (950.39) [1.0000] {d} | AQADRVNLR QAQADRVNLRKLRGY (301.1) [1.0000] {d} | DRVNLRKLR ADRVNLRKLRGYYNQ (612.35) [1.0000] {d} | LRKLRGYYN DRVNLRKLRGYYNQS (63.5) [1.0000] | LRKLRGYYN NLRKLRGYYNQSEDG (192.72) [1.0000] {d} | LQWMYGCDL GSHTLQWMYGCDLGP (846.21) [1.0000] {d} | VMAVVMCRR LAVLGAVMAVVMCRR (405.08) [1.0000] {d} | VMAVVMCRR VMAVVMCRRKSSGGK (282.01) [1.0000] {d} | NLRKLRGYY AQADRVNLRKLRGYY (406.64) [1.0000] | DRVNLRKLR QADRVNLRKLRGYYN (559.81) [1.0000] {d} | LAVLGAVMA AVLAVLAVLGAVMAV (974.99) [1.0000] {d} | VMAVVMCRR GAVMAVVMCRRKSSG (176.39) [2.0000] {d} | LAVLGAVMA VLAVLAVLGAVMAVV (855.61) [1.0000] | VMAVVMCRR AVLGAVMAVVMCRRK (258.93) [2.0000] {d} | VMAVVMCRR AVMAVVMCRRKSSGG (215.95) [2.0000] {d} | AVVMCRRKS MAVVMCRRKSSGGKG (842.14) [1.0000] | LRKLRGYYN VNLRKLRGYYNQSED (115.44) [1.0000] {d} | VMAVVMCRR VLGAVMAVVMCRRKS (164.37) [2.0000] {d} | LAVLGAVMA LAVLAVLGAVMAVVM (881.52) [1.0000] {d} | LRKLRGYYN RVNLRKLRGYYNQSE (66.84) [1.0000] {d} | LRKLRGYYN LRKLRGYYNQSEDGS (519.83) [1.0000] {d} | DRVNLRKLR DRVNLRKLRGYYNQS (765.82) [1.0000] {d} | VVMCRRKSS VMAVVMCRRKSSGGK (459.98) [1.0000] | DRVNLRKLR AQADRVNLRKLRGYY (336.09) [1.0000] | AQADRVNLR KRQAQADRVNLRKLR (169.29) [1.0000] | AQADRVNLR YKRQAQADRVNLRKL (292.75) [1.0000] {d} | AQADRVNLR KYKRQAQADRVNLRK (618.56) [1.0000] {d} | LRKLRGYYN ADRVNLRKLRGYYNQ (77.72) [1.0000] {d} | VMAVVMCRR LGAVMAVVMCRRKSS (137.39) [2.0000],,,,,,,,,,,VRFLDRYFH NGTERVRFLDRYFHN (240.94) [2.0000] {d} | VRFLDRYFH TERVRFLDRYFHNQE (183.29) [1.0000] {d} | ILEDERAAV DILEDERAAVDTYCR (305.28) [1.0000] {d} | VRFLDRYFH ERVRFLDRYFHNQEE (239.74) [2.0000] {d} | ILEDERAAV KDILEDERAAVDTYC (177.03) [1.0000] {d} | VRFLDRYFH VRFLDRYFHNQEENV (568.15) [2.0000] {d} | VRFLDRYFH FNGTERVRFLDRYFH (295.59) [2.0000] {d} | ILEDERAAV SQKDILEDERAAVDT (170.97) [1.0000] {d} | VRFLDRYFH RVRFLDRYFHNQEEN (282.08) [2.0000] {d} | ILEDERAAV NSQKDILEDERAAVD (264.84) [1.0000] {d} | VRFLDRYFH GTERVRFLDRYFHNQ (181.68) [1.0000] | ILEDERAAV QKDILEDERAAVDTY (124.11) [1.0000] | ILEDERAAV ILEDERAAVDTYCRH (585.33) [1.0000] {d} | VRFLDRYFH TERVRFLDRYFHNQE (249.31) [1.0000] | VRFLDRYFH GTERVRFLDRYFHNQ (264.4) [1.0000] {d} | ILEDERAAV WNSQKDILEDERAAV (319.55) [1.0000] {d},,,,,,,,,,,,,,,,,,,,,,,,,,,,,,,,,,,,,,,,,,,,,,,,,,,,,,,KVRWFRNGQ AQIKVRWFRNGQEET (504.83) [1.0000] | KVRWFRNGQ QIKVRWFRNGQEETA (752.53) [1.0000] {d},,,,,,,,,,,,,,,,,,,,,,,,,,,,,,,,,,,,,,,,,,,,,,,,,,,,0.00,33.61,0.00,0.00
,
D2,A*02:01,A*01:01,B*07:02,B*08:01,C*01:02,C*07:01,DRB1*15:01,DRB1*03:01,,,,,,,,,DQB1*02:01,DQB1*06:01,,,,,,,,,0.00,22.00,0.00,0.00,,,,,,,LRGYDQYAY GRLLRGYDQYAYDGK (638.5) [1.0000] | FQKWAAVMV DGTFQKWAAVMVPSG (392.26) [1.0000] | LLRGYDQYA DGRLLRGYDQYAYDG (693.82) [1.0000] | AMCYFTNGT QFKAMCYFTNGTERV (339.98) [1.0000] | VMLEMTPQH QILVMLEMTPQHGDV (353.99) [1.0000] | VVAVVMCRR LGAVVAVVMCRRKSS (142.55) [1.0000] | VRYVTRYIY ERVRYVTRYIYNREE (63.06) [1.0000] | RVRYVTRYI GTERVRYVTRYIYNR (45.01) [1.0000] | MKYFFTSVS SHSMKYFFTSVSRPG (66.48) [1.0000] | FKAMCYFTN LQFKAMCYFTNGTER (358.51) [1.0000] | AVVMCRRKS VAVVMCRRKSSGGKG (838.44) [1.0000] | KYFFTSVSR HSMKYFFTSVSRPGR (54.35) [1.0000] | YVTRYIYNR RYVTRYIYNREEDVR (515.78) [1.0000] | FVLQFKAMC RDPPEDFVLQFKAMC (628.89) [1.0000] | KMLSGIGGF AQNKMLSGIGGFVLG (686.63) [1.0000] | VLQFKAMCY EDFVLQFKAMCYFTN (84.65) [1.0000],AQTDRVSLR KRQAQTDRVSLRNLR (313.23) [1.0000] | VRFDSDVGV EEDVRFDSDVGVYRA (137.58) [1.0000] | VMLEMTPQH QILVMLEMTPQHGDV (872.92) [1.0000] | VVAVVMCRR LGAVVAVVMCRRKSS (232.15) [1.0000] | VRYVTRYIY GTERVRYVTRYIYNR (51.72) [1.0000] | ILERTRAEL QKDILERTRAELDTV (953.78) [1.0000],,,,,,,,,,,,,,,,,,,,,,,VVAVVMCRR LGAVVAVVMCRRKSS (232.15) [1.0000] | AQTDRVSLR KRQAQTDRVSLRNLR (313.23) [1.0000] | LRGYDQYAY GRLLRGYDQYAYDGK (638.5) [1.0000] | FQKWAAVMV DGTFQKWAAVMVPSG (392.26) [1.0000] | AVVMCRRKS VAVVMCRRKSSGGKG (838.44) [1.0000] | LLRGYDQYA DGRLLRGYDQYAYDG (693.82) [1.0000] | KYFFTSVSR HSMKYFFTSVSRPGR (54.35) [1.0000] | VVAVVMCRR LGAVVAVVMCRRKSS (142.55) [1.0000] | MKYFFTSVS SHSMKYFFTSVSRPG (66.48) [1.0000],,,,,,,,,,,,,VRFDSDVGV EEDVRFDSDVGVYRA (137.58) [1.0000] | VMLEMTPQH QILVMLEMTPQHGDV (872.92) [1.0000] | VRYVTRYIY GTERVRYVTRYIYNR (51.72) [1.0000] | ILERTRAEL QKDILERTRAELDTV (953.78) [1.0000] | AMCYFTNGT QFKAMCYFTNGTERV (339.98) [1.0000] | VMLEMTPQH QILVMLEMTPQHGDV (353.99) [1.0000] | VRYVTRYIY ERVRYVTRYIYNREE (63.06) [1.0000] | RVRYVTRYI GTERVRYVTRYIYNR (45.01) [1.0000] | FKAMCYFTN LQFKAMCYFTNGTER (358.51) [1.0000] | YVTRYIYNR RYVTRYIYNREEDVR (515.78) [1.0000] | FVLQFKAMC RDPPEDFVLQFKAMC (628.89) [1.0000] | KMLSGIGGF AQNKMLSGIGGFVLG (686.63) [1.0000] | VLQFKAMCY EDFVLQFKAMCYFTN (84.65) [1.0000],,,,,,,,,0.0000,0.0000,0.0000,0.0000,9.0000,0.0000,0.0000,0.0000,0.0000,0.0000,0.0000,0.0000,0.0000,0.0000,0.0000,0.0000,0.0000,13.0000,0.0000,0.0000,0.0000,0.0000,0.0000,0.0000,0.0000,0.0000,0.0000,0.0000,9.0000,0.0000,0.0000,0.0000,0.0000,0.0000,13.0000,0.0000,0.0000,0.0000,0.0000,1.0000,,,,,,,,,,,,,,,,,,,,,,,,,,MKYFFTSVS SHSMKYFFTSVSRPG (66.48) [1.0000] | MKYFFTSVS CSHSMKYFFTSVSRP (75.05) [1.0000] {d} | AQTDRVSLR RQAQTDRVSLRNLRG (449.52) [1.0000] {d} | FQKWAAVMV AGDGTFQKWAAVMVP (510.81) [1.0000] {d} | LRGYDQYAY GRLLRGYDQYAYDGK (638.5) [1.0000] | LLRGYDQYA GPDGRLLRGYDQYAY (792.91) [1.0000] {d} | AQTDRVSLR YKRQAQTDRVSLRNL (609.32) [1.0000] {d} | FQKWAAVMV TFQKWAAVMVPSGEE (684.04) [1.0000] {d} | LRGYDQYAY RLLRGYDQYAYDGKD (897.13) [1.0000] {d} | KYFFTSVSR HSMKYFFTSVSRPGR (54.35) [1.0000] | FQKWAAVMV PAGDGTFQKWAAVMV (550.72) [1.0000] {d} | FQKWAAVMV GDGTFQKWAAVMVPS (403.07) [1.0000] {d} | VVAVVMCRR LGAVVAVVMCRRKSS (142.55) [2.0000] | LLRGYDQYA DGRLLRGYDQYAYDG (693.82) [1.0000] | VVAVVMCRR LAVLGAVVAVVMCRR (528.57) [2.0000] {d} | VVAVVMCRR GAVVAVVMCRRKSSG (183.89) [2.0000] {d} | VVAVVMCRR VVAVVMCRRKSSGGK (293.55) [2.0000] {d} | AQTDRVSLR KRQAQTDRVSLRNLR (313.23) [1.0000] | LLRGYDQYA PDGRLLRGYDQYAYD (788.48) [1.0000] {d} | AVVMCRRKS VAVVMCRRKSSGGKG (838.44) [1.0000] | VVAVVMCRR AVVAVVMCRRKSSGG (221.33) [2.0000] {d} | VVAVVMCRR VLGAVVAVVMCRRKS (180.81) [2.0000] {d} | VVAVVMCRR AVLGAVVAVVMCRRK (314.81) [2.0000] {d} | FQKWAAVMV GTFQKWAAVMVPSGE (473.68) [1.0000] {d} | FQKWAAVMV DGTFQKWAAVMVPSG (392.26) [1.0000],,,,,,,,,,,,,,,,,,,,,,,,,,,,,,,,,,,,,,,,,,,,,,,,,,,,,,,,,,,,,,,,,,VLQFKAMCY VLQFKAMCYFTNGTE (174.15) [1.0000] {d} | VLQFKAMCY FVLQFKAMCYFTNGT (106.52) [1.0000] {d} | KMLSGIGGF SAQNKMLSGIGGFVL (725.39) [1.0000] {d} | VRFDSDVGV REEDVRFDSDVGVYR (187.36) [1.0000] {d} | VRFDSDVGV NREEDVRFDSDVGVY (487.34) [1.0000] {d} | FVLQFKAMC RDPPEDFVLQFKAMC (628.89) [1.0000] | VRYVTRYIY RVRYVTRYIYNREED (110.01) [1.0000] {d} | RVRYVTRYI RVRYVTRYIYNREED (76.83) [1.0000] {d} | VMLEMTPQH ILVMLEMTPQHGDVY (420.91) [1.0000] {d} | VRYVTRYIY NGTERVRYVTRYIYN (83.49) [1.0000] {d} | VRYVTRYIY TNGTERVRYVTRYIY (106.33) [1.0000] {d} | VMLEMTPQH LVMLEMTPQHGDVYT (823.26) [1.0000] {d} | VRYVTRYIY ERVRYVTRYIYNREE (74.35) [1.0000] {d} | VLQFKAMCY PPEDFVLQFKAMCYF (120.54) [1.0000] {d} | RVRYVTRYI FTNGTERVRYVTRYI (284.12) [1.0000] {d} | VRYVTRYIY ERVRYVTRYIYNREE (63.06) [1.0000] | VLQFKAMCY PEDFVLQFKAMCYFT (91.88) [1.0000] {d} | RVRYVTRYI TNGTERVRYVTRYIY (89.33) [1.0000] {d} | VLQFKAMCY DFVLQFKAMCYFTNG (99.25) [1.0000] {d} | VRYVTRYIY VRYVTRYIYNREEDV (197.43) [2.0000] {d} | VMLEMTPQH QILVMLEMTPQHGDV (353.99) [2.0000] | VLQFKAMCY DPPEDFVLQFKAMCY (180.48) [1.0000] {d} | AMCYFTNGT QFKAMCYFTNGTERV (339.98) [1.0000] | RVRYVTRYI TERVRYVTRYIYNRE (48.7) [1.0000] {d} | RVRYVTRYI GTERVRYVTRYIYNR (45.01) [1.0000] | VLQFKAMCY EDFVLQFKAMCYFTN (84.65) [1.0000] | VRYVTRYIY GTERVRYVTRYIYNR (51.72) [1.0000] | VRYVTRYIY TERVRYVTRYIYNRE (52.18) [1.0000] {d} | YVTRYIYNR YVTRYIYNREEDVRF (813.45) [1.0000] {d} | VRFDSDVGV YNREEDVRFDSDVGV (854.88) [1.0000] {d} | YVTRYIYNR RYVTRYIYNREEDVR (515.78) [1.0000] | RVRYVTRYI NGTERVRYVTRYIYN (72.68) [1.0000] {d} | ILERTRAEL QKDILERTRAELDTV (953.78) [1.0000] | VRFDSDVGV EEDVRFDSDVGVYRA (137.58) [1.0000] | FKAMCYFTN LQFKAMCYFTNGTER (358.51) [1.0000] | KMLSGIGGF AQNKMLSGIGGFVLG (686.63) [1.0000],,,,,,,,,,,,,,,,,,,,,,,,,,,,,,,,,,,,,,,,,,,,,,,,,,,,0.00,49.12,0.00,0.00
,,,,,,,,,,,,,,,,,,,,,,,,,,,,,,,,,,,,,,,,,,,,,,,,,,,,,,,,,,,,,,,,,,,,,,,,,,,,,,,,,,,,,,,,,,,,,,,,,,,,,,,,,,,,,,,,,,,,,,,,,,,,,,,,,,,,,,,,,,,,,,,,,,,,,,,,,,,,,,,,,,,,,,,,,,,,,,,,,,,,,,,,,,,,,,,,,,,,,,,,,,,,,,,,,,,,,,,,,,,,,,,,,,,,,,,,,,,,,,,,,,,,,,,,,,,,,,,,,,,,,,,,,,,,,
,
